EndSimTime,5000.0
Number Of Queue,5
Size Of Queue,1000
Mean InterArrival time per Queue,2.0,3.0,4.0,5.0,6.0,
Avg Transmit Time,3.0,Avg RecieveACK Time,2.0
Network Switching Time,10-30
Scheduling Policy,WFQ
Queue 0

QueueID,PacketID,ArriveQ,nsTime,ArriveServer,DepartServer,WaitingTime,ServiceTime,ResponseTime
0,0,0.0,0.0,0.0,4.944040020720497,0.0,4.944040020720497,4.944040020720497
0,1,2.847608378380147,11.390714979697862,95.93449083711367,103.48721605411669,81.69616747903567,7.552725217003015,100.63960767573654
0,2,3.671594137754057,0.0,103.48721605411669,112.50652792425778,99.81562191636263,9.019311870141092,108.83493378650373
0,3,4.862233086830404,0.0,112.50652792425778,113.22156237715107,107.64429483742738,0.7150344528932857,108.35932929032067
0,4,6.764276050462465,0.0,113.22156237715107,116.69447366878593,106.4572863266886,3.472911291634856,109.93019761832346
0,5,7.610755378270161,13.992301192688878,200.38393778460372,201.75696509736395,178.78088121364468,1.37302731276023,194.14620971909378
0,6,9.380279618112478,0.0,201.75696509736395,209.48389774819927,192.37668547925148,7.726932650835311,200.1036181300868
0,7,11.481951311417223,0.0,209.48389774819927,210.64584507623195,198.00194643678205,1.1619473280326928,199.16389376481473
0,8,13.111022380424725,0.0,210.64584507623195,212.05851961911208,197.53482269580724,1.4126745428801215,198.94749723868736
0,9,16.450017268109576,0.0,212.05851961911208,215.4085777054291,195.6085023510025,3.350058086317039,198.95856043731953
0,10,17.22345858262099,16.934454044650803,300.97581231259187,301.99759981047106,266.81789968532007,1.0217874978791759,284.77414122785007
0,11,19.30919152687728,0.0,301.99759981047106,310.6860050608845,282.6884082835938,8.688405250413457,291.3768135340072
0,12,20.064342036574242,0.0,310.6860050608845,312.38889582614985,290.62166302431024,1.7028907652653575,292.3245537895756
0,13,22.543107800611914,0.0,312.38889582614985,313.2529837654211,289.84578802553796,0.8640879392712694,290.7098759648092
0,14,23.81006980033711,0.0,313.2529837654211,318.8670261695655,289.442913965084,5.614042404144396,295.05695636922843
0,15,24.976427196495408,10.38232438431291,415.8117544743973,418.6854557332292,380.453002893589,2.8737012588318893,393.70902853673374
0,16,27.647004076251168,0.0,418.6854557332292,422.1073266700724,391.03845165697805,3.4218709368431504,394.4603225938212
0,17,28.83691684914386,0.0,422.1073266700724,422.8927003966756,393.27040982092853,0.7853737266032309,394.05578354753175
0,18,31.206989665221997,0.0,422.8927003966756,437.93552998411906,391.6857107314536,15.042829587443448,406.72854031889705
0,19,36.665600117205884,0.0,437.93552998411906,438.01660086977176,401.2699298669132,0.0810708856526969,401.3510007525659
0,20,37.59349221610705,17.78907184334424,532.3331485743352,532.5420127029429,476.9505845148839,0.20886412860767,494.9485204868358
0,21,40.45415507445498,0.0,532.5420127029429,532.9819906057979,492.0878576284879,0.43997790285500504,492.5278355313429
0,22,45.598307083624746,0.0,532.9819906057979,534.2998525953425,487.3836835221732,1.3178619895445196,488.7015455117177
0,23,47.16887132800952,0.0,534.2998525953425,535.4710196624223,487.13098126733297,1.171167067079855,488.30214833441283
0,24,49.14219032322276,0.0,535.4710196624223,537.7929468301406,486.3288293391996,2.3219271677182576,488.6507565069179
0,25,51.786448308882065,21.198511776233545,639.1823782948966,641.1879128096538,566.197418209781,2.0055345147572035,589.4014645007717
0,26,59.71821446468952,0.0,641.1879128096538,642.7397739689108,581.4696983449643,1.5518611592570313,583.0215595042213
0,27,63.0479217057608,0.0,642.7397739689108,645.9001389303704,579.6918522631499,3.1603649614597114,582.8522172246096
0,28,65.0538230008242,0.0,645.9001389303704,648.525081141897,580.8463159295462,2.624942211526563,583.4712581410728
0,29,70.15725428622767,0.0,648.525081141897,648.7318470191683,578.3678268556694,0.20676587727133594,578.5745927329407
0,30,75.98586391962328,23.31944924949854,771.0847755899852,772.2661413214506,671.7794624208633,1.1813657314654604,696.2802774018273
0,31,76.11131196792918,0.0,772.2661413214506,776.2837107342195,696.1548293535214,4.017569412768888,700.1723987662904
0,32,80.30239566955352,0.0,776.2837107342195,778.5967820466007,695.981315064666,2.313071312381077,698.2943863770471
0,33,83.2892378536071,0.0,778.5967820466007,782.3211865242399,695.3075441929935,3.72440447763925,699.0319486706328
0,34,84.1208910876229,0.0,782.3211865242399,784.3002187968183,698.200295436617,1.97903227257838,700.1793277091954
0,35,84.60912806048559,24.543801381823403,891.3943791493647,892.1474986897404,782.2414497070557,0.7531195403756918,807.5383706292548
0,36,84.6110440830862,0.0,892.1474986897404,893.0124609802152,807.5364546066542,0.8649622904748258,808.401416897129
0,37,88.68316924023333,0.0,893.0124609802152,898.8197452900698,804.329291739982,5.807284309854567,810.1365760498365
0,38,88.86979220019103,0.0,898.8197452900698,904.2778382159119,809.9499530898788,5.4580929258419975,815.4080460157209
0,39,93.92401278432976,0.0,904.2778382159119,906.815939726162,810.3538254315821,2.5381015102501276,812.8919269418323
0,40,96.33385395587398,27.555642519463145,1000.3656579074353,1001.0665820481813,876.4761614320981,0.700924140745982,904.7327280923073
0,41,96.37097321790016,0.0,1001.0665820481813,1006.127222564249,904.6956088302811,5.0606405160676395,909.7562493463488
0,42,101.47608861068586,0.0,1006.127222564249,1012.129272660197,904.6511339535631,6.002050095948029,910.6531840495111
0,43,102.01861675285127,0.0,1012.129272660197,1019.7773850587855,910.1106559073457,7.64811239858858,917.7587683059344
0,44,102.15640768352856,0.0,1019.7773850587855,1025.7155556663076,917.620977375257,5.938170607522016,923.559147982779
0,45,103.09896444329739,18.81777557224138,1137.15883218426,1140.7178518081685,1015.2420921687213,3.559019623908424,1037.6188873648712
0,46,105.53808447828061,0.0,1140.7178518081685,1142.5484739048766,1035.179767329888,1.830622096708222,1037.010389426596
0,47,107.92250544036064,0.0,1142.5484739048766,1145.0338243144608,1034.6259684645158,2.485350409584287,1037.1113188741
0,48,110.8337183708525,0.0,1145.0338243144608,1151.2654987643955,1034.2001059436084,6.231674449934535,1040.431780393543
0,49,111.6879928471701,0.0,1151.2654987643955,1153.315551593115,1039.5775059172254,2.0500528287196604,1041.627558745945
0,50,112.42233528083247,21.17539711649064,1255.038524669307,1255.8765848032021,1121.440792271984,0.8380601338950164,1143.4542495223695
0,51,115.07466474747987,0.0,1255.8765848032021,1260.7068569358582,1140.8019200557223,4.830272132656189,1145.6321921883784
0,52,115.74289582969737,0.0,1260.7068569358582,1262.1153038345642,1144.963961106161,1.4084468987060481,1146.3724080048669
0,53,124.30773619963566,0.0,1262.1153038345642,1262.9112023312837,1137.8075676349285,0.7958984967195306,1138.603466131648
0,54,125.79869521192984,0.0,1262.9112023312837,1263.6554398682374,1137.1125071193537,0.7442375369537191,1137.8567446563075
0,55,127.51603984889249,13.621084400490759,1374.2136462150347,1374.3892747150824,1233.0765219656516,0.1756285000476001,1246.8732348661902
0,56,130.85084892893673,0.0,1374.3892747150824,1387.8182748522197,1243.5384257861456,13.429000137137237,1256.967425923283
0,57,131.06231201109193,0.0,1387.8182748522197,1394.6174816493622,1256.7559628411277,6.799206797142395,1263.5551696382702
0,58,137.089336494514,0.0,1394.6174816493622,1397.1132080308862,1257.528145154848,2.4957263815240553,1260.023871536372
0,59,138.7893926469509,0.0,1397.1132080308862,1399.5838757594204,1258.3238153839352,2.470667728534142,1260.7944831124694
0,60,139.71428214531494,27.315930486090384,1507.4481287540748,1515.2940501722476,1340.4179161226696,7.845921418172757,1375.5797680269327
0,61,140.26881258255892,0.0,1515.2940501722476,1515.4580035415179,1375.0252375896887,0.16395336927040724,1375.189190958959
0,62,141.58792647931799,0.0,1515.4580035415179,1516.7328744662223,1373.8700770622,1.2748709247042664,1375.1449479869043
0,63,143.12878511087175,0.0,1516.7328744662223,1522.1436400965747,1373.6040893553504,5.410765630352508,1379.0148549857029
0,64,145.08804893581774,0.0,1522.1436400965747,1525.8939016545114,1377.0555911607569,3.750261557936605,1380.8058527186936
0,65,147.05630187113255,13.552169131258559,1601.108352328449,1601.9246540653496,1440.499881326058,0.8163017369005532,1454.868352194217
0,66,147.51050136211427,0.0,1601.9246540653496,1602.6260348867893,1454.4141527032352,0.7013808214396084,1455.115533524675
0,67,153.25116024874933,0.0,1602.6260348867893,1610.4340849526625,1449.37487463804,7.808050065873181,1457.1829247039132
0,68,153.93638844774608,0.0,1610.4340849526625,1617.2900320471872,1456.4976965049163,6.85594709452474,1463.353643599441
0,69,155.16377660973416,0.0,1617.2900320471872,1624.9321777591051,1462.126255437453,7.64214571191796,1469.768401149371
0,70,156.7776718606558,20.227964958531977,1729.38971441704,1730.9280522835882,1552.3840775978522,1.5383378665482506,1574.1503804229326
0,71,157.56235467751475,0.0,1730.9280522835882,1731.1492620180102,1573.3656976060734,0.22120973442192607,1573.5869073404954
0,72,157.7476015223764,0.0,1731.1492620180102,1731.2603435204373,1573.4016604956337,0.11108150242709242,1573.5127419980608
0,73,158.19482832219094,0.0,1731.2603435204373,1736.4239722411166,1573.0655151982464,5.163628720679268,1578.2291439189257
0,74,159.27578232322205,0.0,1736.4239722411166,1741.321696920967,1577.1481899178946,4.897724679850442,1582.045914597745
0,75,166.3363577251333,22.800065260770683,1853.924143087206,1866.002822035144,1664.787720101302,12.078678947937998,1699.6664643100107
0,76,167.38535716482784,0.0,1866.002822035144,1868.6560527324386,1698.617464870316,2.6532306972947137,1701.2706955676108
0,77,167.49565408044444,0.0,1868.6560527324386,1872.1706153610846,1701.1603986519942,3.514562628645922,1704.6749612806402
0,78,172.23065669918543,0.0,1872.1706153610846,1888.385841532281,1699.9399586618993,16.215226171196214,1716.1551848330955
0,79,173.7095361731574,23.16841123618978,1997.763649085003,2002.0459140574762,1800.8857016756558,4.282264972473289,1828.3363778843188
0,80,176.443473612828,0.0,2002.0459140574762,2009.4269050217265,1825.6024404446482,7.3809909642503,1832.9834314088985
0,81,176.53096928757546,0.0,2009.4269050217265,2010.1027533041433,1832.895935734151,0.675848282416835,1833.5717840165678
0,82,177.322611006238,0.0,2010.1027533041433,2015.3683242065156,1832.7801422979053,5.26557090237225,1838.0457132002775
0,83,180.43013454952953,0.0,2015.3683242065156,2017.3653397673374,1834.938189656986,1.9970155608217537,1836.9352052178078
0,84,181.5825030629925,13.180676895702167,2121.937882977434,2126.291768173807,1927.1747030187394,4.353885196373268,1944.7092651108148
0,85,182.21622712488596,0.0,2126.291768173807,2127.193034690075,1944.0755410489212,0.9012665162678111,1944.9768075651891
0,86,184.0097509090763,0.0,2127.193034690075,2130.1600404317337,1943.1832837809986,2.967005741658606,1946.1502895226572
0,87,184.82482358615823,0.0,2130.1600404317337,2143.1372631991153,1945.3352168455754,12.977222767381658,1958.312439612957
0,88,186.56832225769486,0.0,2143.1372631991153,2148.0268923145977,1956.5689409414204,4.889629115482223,1961.4585700569025
0,89,188.53118627361323,21.813490330082608,2226.5876223655687,2228.893941487126,2016.242945761873,2.306319121557359,2040.362755213513
0,90,188.74391622742039,0.0,2228.893941487126,2243.7425209497505,2040.1500252597057,14.848579462624599,2054.99860472233
0,91,191.05577554446361,0.0,2243.7425209497505,2245.669020927937,2052.6867454052867,1.9264999781863827,2054.613245383473
0,92,193.31494823817803,0.0,2245.669020927937,2251.977922874417,2052.3540726897586,6.308901946480238,2058.6629746362387
0,93,196.2000761519689,0.0,2251.977922874417,2259.9635001719266,2055.777846722448,7.985577297509922,2063.7634240199577
0,94,197.80026775420336,20.355024858488406,2350.846457203155,2355.3408101806176,2132.691164590463,4.494352977462942,2157.540542426414
0,95,200.0787007156409,0.0,2355.3408101806176,2356.268317513205,2155.2621094649767,0.9275073325877127,2156.189616797564
0,96,200.30467713165856,0.0,2356.268317513205,2360.20297124354,2155.9636403815466,3.9346537303349356,2159.8982941118816
0,97,200.33625987409127,0.0,2360.20297124354,2371.304696468007,2159.8667113694487,11.101725224466941,2170.9684365939156
0,98,205.20888514762075,12.70126090427274,2446.1738332929262,2470.1475028126965,2228.263687241033,23.973669519770112,2264.938617665076
0,99,207.14812153402704,0.0,2470.1475028126965,2472.371008046268,2262.9993812786697,2.223505233571561,2265.222886512241
0,100,208.8149221811101,0.0,2472.371008046268,2475.3111131092282,2263.556085865158,2.940105062960462,2266.4961909281183
0,101,208.8779923091961,0.0,2475.3111131092282,2491.577211872346,2266.433120800032,16.26609876311785,2282.69921956315
0,102,210.9952130474104,15.075024661467031,2564.7890707696374,2573.4970780840836,2338.71883306076,8.708007314446185,2362.5018650366733
0,103,216.75187299257303,0.0,2573.4970780840836,2578.1829921839053,2356.7452050915103,4.685914099821608,2361.431119191332
0,104,217.1118389582167,0.0,2578.1829921839053,2578.4035965069256,2361.0711532256887,0.2206043230201205,2361.291757548709
0,105,223.09469927545211,0.0,2578.4035965069256,2583.3442508227395,2355.3088972314736,4.940654315813636,2360.2495515472874
0,106,227.0615203677579,29.8709935326152,2676.7357592811377,2679.9471984269744,2419.8032453807646,3.211439145836786,2452.8856780592164
0,107,228.0187634487793,0.0,2679.9471984269744,2688.4961921728477,2451.928434978195,8.548993745873275,2460.4774287240684
0,108,228.61944919574967,0.0,2688.4961921728477,2699.676040149636,2459.876742977098,11.179847976788134,2471.056590953886
0,109,229.005851762541,0.0,2699.676040149636,2703.641203411976,2470.6701883870946,3.965163262340387,2474.635351649435
0,110,229.17064597607038,18.11374245738743,2798.9077709795397,2803.8670220152153,2551.6233825460818,4.959251035675738,2574.696376039145
0,111,234.39431213385754,0.0,2803.8670220152153,2805.1837595526426,2569.472709881358,1.3167375374272714,2570.789447418785
0,112,235.23743845839329,0.0,2805.1837595526426,2810.3413587264595,2569.9463210942495,5.157599173816849,2575.1039202680663
0,113,236.40587260000424,0.0,2810.3413587264595,2811.0270550348505,2573.935486126455,0.6856963083910279,2574.621182434846
0,114,239.05807474664712,18.291618203080304,2899.175890129496,2899.3690212595698,2641.8261971797688,0.19313113007358343,2660.310946512923
0,115,240.94992521582472,0.0,2899.3690212595698,2900.962435677677,2658.419096043745,1.5934144181072012,2660.0125104618523
0,116,241.78169659888138,0.0,2900.962435677677,2903.5383373267414,2659.180739078796,2.5759016490640603,2661.75664072786
0,117,246.01939262132115,0.0,2903.5383373267414,2904.529664120582,2657.5189447054204,0.9913267938405064,2658.510271499261
0,118,247.0520379113815,20.049189396870975,2987.317261096108,2990.2320260757056,2720.2160337878554,2.9147649795978774,2743.179988164324
0,119,247.29620746789533,0.0,2990.2320260757056,2990.268530822437,2742.9358186078102,0.03650474673121169,2742.9723233545415
0,120,253.03874221226906,0.0,2990.268530822437,2998.041061182059,2737.229788610168,7.772530359622164,2745.00231896979
0,121,253.9383335097142,0.0,2998.041061182059,3003.4334309823303,2744.102727672345,5.392369800271265,2749.495097472616
0,122,254.57102084830848,14.205156264618351,3102.2881295135658,3108.022197403834,2833.511952400639,5.73406789026832,2853.4511765555258
0,123,261.90128203417544,0.0,3108.022197403834,3118.6670759114463,2846.1209153696586,10.644878507612288,2856.765793877271
0,124,262.3491662198872,0.0,3118.6670759114463,3123.0346236395367,2856.317909691559,4.367547728090551,2860.6854574196495
0,125,262.7584728865426,19.531673642307084,3213.384764619179,3218.031468008753,2931.0946180903293,4.6467033895741405,2955.2729951222104
0,126,264.34554030438625,0.0,3218.031468008753,3220.849462812889,2953.685927704367,2.8179948041360796,2956.503922508503
0,127,264.3656118796117,0.0,3220.849462812889,3223.5370799952507,2956.4838509332776,2.6876171823613193,2959.171468115639
0,128,264.65022811121077,12.538221532125306,3309.6401387562864,3311.4134712696355,3032.4516891129506,1.7733325133487785,3046.7632431584243
0,129,265.60707295898146,0.0,3311.4134712696355,3313.247508264905,3045.806398310654,1.8340369952693079,3047.6404353059233
0,130,271.5319466382463,0.0,3313.247508264905,3313.3423880018454,3041.7155616266587,0.0948797369405226,3041.8104413635992
0,131,275.64922579260036,11.812046190697657,3409.1190376185436,3412.4663356628353,3121.6577656352456,3.3472980442919016,3136.8171098702355
0,132,279.4173885314216,0.0,3412.4663356628353,3416.4473765370885,3133.0489471314136,3.981040874253065,3137.029988005667
0,133,279.7357058075876,0.0,3416.4473765370885,3417.77245719537,3136.711670729501,1.3250806582814283,3138.0367513877823
0,134,281.28052305652017,23.672400122294853,3523.9511780172893,3531.157173870567,3218.9982548384746,7.205995853277776,3249.876650814047
0,135,283.24034877659705,0.0,3531.157173870567,3533.3857347544954,3247.91682509397,2.228560883928365,3250.1453859778985
0,136,283.4128381462735,0.0,3533.3857347544954,3535.7429179395035,3249.972896608222,2.357183185007954,3252.33007979323
0,137,284.4683917688235,14.254797085492058,3626.2216770222612,3627.7461274346083,3327.4984881679457,1.5244504123471176,3343.277735665785
0,138,286.2577881095669,0.0,3627.7461274346083,3629.9653974451962,3341.4883393250416,2.2192700105879832,3343.7076093356295
0,139,286.35410354291815,0.0,3629.9653974451962,3632.8777818549133,3343.6112939022782,2.9123844097170672,3346.5236783119954
0,140,287.4875446051114,15.153812907987927,3739.5326186478874,3741.5929602791766,3436.891261134788,2.060341631289442,3454.105415674065
0,141,292.1043838693496,0.0,3741.5929602791766,3744.5643510151117,3449.488576409827,2.971390735934968,3452.459967145762
0,142,294.7979251483653,0.0,3744.5643510151117,3750.654773588671,3449.7664258667464,6.090422573559591,3455.856848440306
0,143,295.824054469321,20.753238962229,3836.2083340523072,3842.7618329496945,3519.6310406207576,6.553498897387012,3546.9377784803733
0,144,296.06032660311104,0.0,3842.7618329496945,3844.380641449292,3546.7015063465833,1.6188084995975358,3548.3203148461807
0,145,296.5129023180069,0.0,3844.380641449292,3846.218280201249,3547.867739131285,1.8376387519568977,3549.705377883242
0,146,300.1554715094951,24.224963846397372,3931.083440559993,3934.5921884806958,3606.703005204101,3.5087479207026613,3634.436716971201
0,147,303.256043252749,0.0,3934.5921884806958,3939.461724259636,3631.336145227947,4.869535778940003,3636.205681006887
0,148,303.6176906553602,0.0,3939.461724259636,3948.19705937127,3635.844033604276,8.735335111634077,3644.57936871591
0,149,303.74056740300284,18.2463273118024,4043.220009883698,4046.9241527985173,3721.2331151688927,3.7041429148192595,3743.1835853955145
0,150,303.75407828877394,0.0,4046.9241527985173,4048.034507246617,3743.1700745097432,1.1103544480995546,3744.280428957843
0,151,306.2174875976094,0.0,4048.034507246617,4052.4276466510664,3741.8170196490078,4.393139404449293,3746.210159053457
0,152,308.8137190126733,27.558349764939912,4160.296938091735,4162.954213347329,3823.924869314122,2.657275255593752,3854.140494334656
0,153,311.3559479855944,0.0,4162.954213347329,4166.490499461735,3851.5982653617343,3.536286114406969,3855.1345514761415
0,154,313.7774804015689,0.0,4166.490499461735,4170.17507195182,3852.7130190601665,3.6845724900845305,3856.397591550251
0,155,317.9275043034812,10.439823707766813,4269.656896344272,4278.301989965603,3941.2895683330244,8.645093621329936,3960.374485662121
0,156,320.3146825576678,0.0,4278.301989965603,4279.371721596791,3957.987307407935,1.0697316311877287,3959.0570390391226
0,157,320.4083137312828,0.0,4279.371721596791,4300.63028010918,3958.963407865508,21.258558512389143,3980.2219663778974
0,158,321.3043423115226,26.069567504702135,4403.4948470772815,4403.889956649904,4056.120937261057,0.3951095726225481,4082.5856143383817
0,159,324.5539716177042,0.0,4403.889956649904,4405.452402739477,4079.3359850322,1.5624460895734136,4080.8984311217732
0,160,325.4279765934269,0.0,4405.452402739477,4409.691881914477,4080.0244261460502,4.239479174998989,4084.263905321049
0,161,329.4179141969609,18.827390087872317,4520.547300484252,4521.8440652492945,4172.30199619942,1.2967647650416043,4192.426151052333
0,162,330.5530120854328,0.0,4521.8440652492945,4522.1197206630495,4191.291053163862,0.27565541375494407,4191.566708577617
0,163,330.8617171022626,0.0,4522.1197206630495,4522.7449207022355,4191.258003560787,0.6252000391860242,4191.883203599973
0,164,331.44724689546905,19.734914486607973,4617.084014170676,4620.531909537064,4265.901852788599,3.4478953663881877,4289.084662641595
0,165,333.4344742809587,0.0,4620.531909537064,4621.024538726939,4287.097435256105,0.49262918987459464,4287.59006444598
0,166,333.9109643351451,0.0,4621.024538726939,4622.487409542562,4287.113574391794,1.462870815623332,4288.576445207417
0,167,333.92266707689066,14.94662869363747,4712.659550836445,4719.86597732248,4363.790255065917,7.206426486034779,4385.94331024559
0,168,334.1391478077882,0.0,4719.86597732248,4720.432002665501,4385.726829514691,0.5660253430217028,4386.292854857713
0,169,334.8182465140016,0.0,4720.432002665501,4726.075139193781,4385.6137561515,5.6431365282795465,4391.256892679779
0,170,335.3190762557062,17.276953702793733,4814.451569633878,4819.522904172216,4461.855539675378,5.0713345383384505,4484.20382791651
0,171,336.1578595211264,0.0,4819.522904172216,4823.750956149834,4483.365044651089,4.2280519776181755,4487.593096628707
0,172,337.59762360555385,0.0,4823.750956149834,4827.192057687195,4486.15333254428,3.441101537361967,4489.594434081641
0,173,337.8922463796406,14.738874850353183,4934.650362888064,4936.3028921744135,4582.019241658069,1.6525292863497854,4598.410645794773
0,174,341.5491038150039,0.0,4936.3028921744135,4936.914643848626,4594.75378835941,0.611751674212728,4595.365540033622
0,175,341.85876009898095,0.0,4936.914643848626,4943.549123878976,4595.055883749645,6.634480030350005,4601.690363779995
Number of Packets served,176
Avg. Waiting Time,2077.0104665071203
Avg. Response Time,2085.7189176401143
Throughput per Queue,0.0352
Number of Packets Droped,1355

Queue 1

QueueID,PacketID,ArriveQ,nsTime,ArriveServer,DepartServer,WaitingTime,ServiceTime,ResponseTime
1,0,0.0,16.157771850823437,21.101811871543934,21.101811871543934,4.944040020720497,0.0,21.101811871543934
1,1,1.1607315934007076,20.988995920322385,137.6834695891083,137.6834695891083,115.53374207538522,0.0,136.52273799570762
1,2,5.286392916630102,0.0,137.6834695891083,137.6834695891083,132.39707667247822,0.0,132.39707667247822
1,3,9.251485991492705,0.0,137.6834695891083,137.6834695891083,128.4319835976156,0.0,128.4319835976156
1,4,10.528625983601362,23.20754682324755,238.61612452867666,238.61612452867666,204.87995172182775,0.0,228.0874985450753
1,5,13.313224666648148,0.0,238.61612452867666,238.61612452867666,225.3028998620285,0.0,225.3028998620285
1,6,15.25345775372323,0.0,238.61612452867666,238.61612452867666,223.36266677495342,0.0,223.36266677495342
1,7,17.00941906220261,15.000143397913302,333.8671695674788,333.8671695674788,301.8576071073629,0.0,316.8577505052762
1,8,25.192437195568196,0.0,333.8671695674788,333.8671695674788,308.67473237191064,0.0,308.67473237191064
1,9,30.00266156377472,0.0,333.8671695674788,333.8671695674788,303.8645080037041,0.0,303.8645080037041
1,10,32.269143554018974,12.789350992680433,450.8059518624522,450.8059518624522,405.7474573157528,0.0,418.53680830843325
1,11,33.6928109367584,0.0,450.8059518624522,450.8059518624522,417.1131409256938,0.0,417.1131409256938
1,12,39.520155163981116,0.0,450.8059518624522,450.8059518624522,411.28579669847113,0.0,411.28579669847113
1,13,41.73472134658403,18.51579088103948,556.3087377111801,556.3087377111801,496.0582254835566,0.0,514.5740163645961
1,14,43.93451090454499,0.0,556.3087377111801,556.3087377111801,512.3742268066351,0.0,512.3742268066351
1,15,44.316978282017814,0.0,556.3087377111801,556.3087377111801,511.9917594291623,0.0,511.9917594291623
1,16,46.46762952120375,26.857920446879163,675.5897674660474,675.5897674660474,602.2642174979645,0.0,629.1221379448436
1,17,50.59621174324447,0.0,675.5897674660474,675.5897674660474,624.993555722803,0.0,624.993555722803
1,18,62.93087882992313,0.0,675.5897674660474,675.5897674660474,612.6588886361243,0.0,612.6588886361243
1,19,67.4667297967475,28.642070027718635,812.942288824537,812.942288824537,716.8334890000708,0.0,745.4755590277895
1,20,67.54093414137589,0.0,812.942288824537,812.942288824537,745.4013546831611,0.0,745.4013546831611
1,21,78.34919233338069,0.0,812.942288824537,812.942288824537,734.5930964911563,0.0,734.5930964911563
1,22,82.00461270236124,19.855703875705153,926.6716436018671,926.6716436018671,824.8113270238008,0.0,844.6670308995059
1,23,83.32694390271133,0.0,926.6716436018671,926.6716436018671,843.3446996991557,0.0,843.3446996991557
1,24,86.99993403517284,0.0,926.6716436018671,926.6716436018671,839.6717095666943,0.0,839.6717095666943
1,25,87.1844629285722,13.906545668783274,1039.622101335091,1039.622101335091,938.5310927377354,0.0,952.4376384065187
1,26,91.241278874179,0.0,1039.622101335091,1039.622101335091,948.380822460912,0.0,948.380822460912
1,27,94.44093078170111,0.0,1039.622101335091,1039.622101335091,945.1811705533898,0.0,945.1811705533898
1,28,95.82598910876716,14.517595259047653,1167.8331468521628,1167.8331468521628,1057.489562484348,0.0,1072.0071577433955
1,29,99.9029570840291,0.0,1167.8331468521628,1167.8331468521628,1067.9301897681337,0.0,1067.9301897681337
1,30,108.94500155298711,0.0,1167.8331468521628,1167.8331468521628,1058.8881452991757,0.0,1058.8881452991757
1,31,114.13921639097833,28.270799613777353,1291.9262394820148,1291.9262394820148,1149.516223477259,0.0,1177.7870230910364
1,32,120.4482889130416,0.0,1291.9262394820148,1291.9262394820148,1171.4779505689733,0.0,1171.4779505689733
1,33,129.13910666719676,0.0,1291.9262394820148,1291.9262394820148,1162.787132814818,0.0,1162.787132814818
1,34,135.88459313422354,25.44907973930366,1425.032955498724,1425.032955498724,1263.699282625197,0.0,1289.1483623645006
1,35,137.5053693861252,0.0,1425.032955498724,1425.032955498724,1287.5275861125988,0.0,1287.5275861125988
1,36,137.6236450367079,0.0,1425.032955498724,1425.032955498724,1287.409310462016,0.0,1287.409310462016
1,37,138.89789881728595,19.477999024009463,1545.371900678521,1545.371900678521,1386.9960028372254,0.0,1406.474001861235
1,38,149.7474552081323,0.0,1545.371900678521,1545.371900678521,1395.6244454703885,0.0,1395.6244454703885
1,39,156.32793010935603,0.0,1545.371900678521,1545.371900678521,1389.043970569165,0.0,1389.043970569165
1,40,156.598849174942,11.878628111523348,1636.8108058706284,1636.8108058706284,1468.3333285841632,0.0,1480.2119566956865
1,41,157.66065323646674,0.0,1636.8108058706284,1636.8108058706284,1479.1501526341617,0.0,1479.1501526341617
1,42,162.69304621515283,0.0,1636.8108058706284,1636.8108058706284,1474.1177596554755,0.0,1474.1177596554755
1,43,169.8943753404291,24.18191942061113,1765.5036163415782,1765.5036163415782,1571.4273215805379,0.0,1595.609241001149
1,44,170.04190624610615,0.0,1765.5036163415782,1765.5036163415782,1595.461710095472,0.0,1595.461710095472
1,45,172.2702242650665,0.0,1765.5036163415782,1765.5036163415782,1593.2333920765118,0.0,1593.2333920765118
1,46,173.2189374043153,21.955420074458086,1910.341261606739,1910.341261606739,1715.1669041279656,0.0,1737.1223242024237
1,47,176.191509322971,0.0,1910.341261606739,1910.341261606739,1734.149752283768,0.0,1734.149752283768
1,48,177.12746734676907,0.0,1910.341261606739,1910.341261606739,1733.21379425997,0.0,1733.21379425997
1,49,182.3658391939676,24.922669918053504,2042.288009685391,2042.288009685391,1834.99950057337,0.0,1859.9221704914235
1,50,182.83169805117598,0.0,2042.288009685391,2042.288009685391,1859.4563116342151,0.0,1859.4563116342151
1,51,183.82281825612637,0.0,2042.288009685391,2042.288009685391,1858.4651914292647,0.0,1858.4651914292647
1,52,184.00544466001898,10.355517979545922,2158.3824102941435,2158.3824102941435,1964.0214476545787,0.0,1974.3769656341246
1,53,184.0288440312374,0.0,2158.3824102941435,2158.3824102941435,1974.353566262906,0.0,1974.353566262906
1,54,189.00635908371356,0.0,2158.3824102941435,2158.3824102941435,1969.37605121043,0.0,1969.37605121043
1,55,190.71551480709488,11.718536646038888,2271.6820368179656,2271.6820368179656,2069.247985364832,0.0,2080.966522010871
1,56,198.7540337452337,0.0,2271.6820368179656,2271.6820368179656,2072.928003072732,0.0,2072.928003072732
1,57,200.12937825651528,0.0,2271.6820368179656,2271.6820368179656,2071.5526585614502,0.0,2071.5526585614502
1,58,202.24235495091696,13.822794872732395,2385.127491340739,2385.127491340739,2169.06234151709,0.0,2182.885136389822
1,59,204.43316922936503,0.0,2385.127491340739,2385.127491340739,2180.6943221113743,0.0,2180.6943221113743
1,60,214.09644504315986,0.0,2385.127491340739,2385.127491340739,2171.0310462975795,0.0,2171.0310462975795
1,61,215.2378996912955,10.732089383604404,2502.3093012559507,2502.3093012559507,2276.339312181051,0.0,2287.0714015646554
1,62,217.40678902659226,0.0,2502.3093012559507,2502.3093012559507,2284.9025122293583,0.0,2284.9025122293583
1,63,222.2289526857287,0.0,2502.3093012559507,2502.3093012559507,2280.0803485702218,0.0,2280.0803485702218
1,64,223.12568781970498,12.466973458451566,2595.8112242811912,2595.8112242811912,2360.2185630030344,0.0,2372.685536461486
1,65,233.05012900695786,0.0,2595.8112242811912,2595.8112242811912,2362.7610952742334,0.0,2362.7610952742334
1,66,233.18165766696853,0.0,2595.8112242811912,2595.8112242811912,2362.6295666142228,0.0,2362.6295666142228
1,67,241.48827598657581,24.91818637428024,2728.5593897862564,2728.5593897862564,2462.1529274254003,0.0,2487.0711137996805
1,68,242.9466284574511,0.0,2728.5593897862564,2728.5593897862564,2485.6127613288054,0.0,2485.6127613288054
1,69,244.32186408986462,0.0,2728.5593897862564,2728.5593897862564,2484.237525696392,0.0,2484.237525696392
1,70,244.38011213404826,20.223534907470196,2831.250589942321,2831.250589942321,2566.646942900802,0.0,2586.8704778082724
1,71,246.56609124963393,0.0,2831.250589942321,2831.250589942321,2584.684498692687,0.0,2584.684498692687
1,72,246.8448854419692,0.0,2831.250589942321,2831.250589942321,2584.4057045003515,0.0,2584.4057045003515
1,73,248.87712509935778,10.392974882218933,2914.9226390028007,2914.9226390028007,2655.652539021224,0.0,2666.045513903443
1,74,249.95930849304605,0.0,2914.9226390028007,2914.9226390028007,2664.9633305097545,0.0,2664.9633305097545
1,75,250.56863737625432,0.0,2914.9226390028007,2914.9226390028007,2664.3540016265465,0.0,2664.3540016265465
1,76,251.71898766543015,15.634099309527159,3019.0675302918576,3019.0675302918576,2751.7144433169,0.0,2767.3485426264274
1,77,265.06830806642404,0.0,3019.0675302918576,3019.0675302918576,2753.9992222254336,0.0,2753.9992222254336
1,78,265.375017039365,0.0,3019.0675302918576,3019.0675302918576,2753.6925132524925,0.0,2753.6925132524925
1,79,269.08756026279684,15.288594078538589,3138.3232177180753,3138.3232177180753,2853.9470633767396,0.0,2869.235657455278
1,80,273.08583494245556,0.0,3138.3232177180753,3138.3232177180753,2865.2373827756196,0.0,2865.2373827756196
1,81,277.6643416262209,0.0,3138.3232177180753,3138.3232177180753,2860.6588760918544,0.0,2860.6588760918544
1,82,278.5634691653317,15.34622278405319,3238.883302779304,3238.883302779304,2944.973610829919,0.0,2960.319833613972
1,83,280.4372555797244,0.0,3238.883302779304,3238.883302779304,2958.4460471995794,0.0,2958.4460471995794
1,84,283.3589117629081,0.0,3238.883302779304,3238.883302779304,2955.524391016396,0.0,2955.524391016396
1,85,284.36505519950185,18.668250673386588,3332.010638675232,3332.010638675232,3028.9773328023434,0.0,3047.64558347573
1,86,284.69581617388604,0.0,3332.010638675232,3332.010638675232,3047.3148225013456,0.0,3047.3148225013456
1,87,285.2491152354059,0.0,3332.010638675232,3332.010638675232,3046.761523439826,0.0,3046.761523439826
1,88,286.6691414350313,20.113139499544417,3437.8855966949145,3437.8855966949145,3131.103315760339,0.0,3151.2164552598833
1,89,286.67454959425567,0.0,3437.8855966949145,3437.8855966949145,3151.211047100659,0.0,3151.211047100659
1,90,288.47151071363317,0.0,3437.8855966949145,3437.8855966949145,3149.4140859812815,0.0,3149.4140859812815
1,91,288.64253035816574,21.814630926143813,3557.5575488656473,3557.5575488656473,3247.1003875813376,0.0,3268.9150185074814
1,92,297.67987235316326,0.0,3557.5575488656473,3557.5575488656473,3259.877676512484,0.0,3259.877676512484
1,93,305.4893228621428,0.0,3557.5575488656473,3557.5575488656473,3252.0682260035046,0.0,3252.0682260035046
1,94,305.71200095973353,26.968901825117772,3659.846683680031,3659.846683680031,3327.16578089518,0.0,3354.134682720298
1,95,313.26120176403685,0.0,3659.846683680031,3659.846683680031,3346.5854819159945,0.0,3346.5854819159945
1,96,316.65186035624555,0.0,3659.846683680031,3659.846683680031,3343.194823323786,0.0,3343.194823323786
1,97,320.5466636406708,15.345932747080091,3766.000706335751,3766.000706335751,3430.108109948,0.0,3445.4540426950803
1,98,321.42462043102773,0.0,3766.000706335751,3766.000706335751,3444.576085904723,0.0,3444.576085904723
1,99,322.01585083352666,0.0,3766.000706335751,3766.000706335751,3443.9848555022245,0.0,3443.9848555022245
1,100,325.11222403075186,16.44253349277277,3862.6608136940217,3862.6608136940217,3521.106056170497,0.0,3537.54858966327
1,101,325.24575907020164,0.0,3862.6608136940217,3862.6608136940217,3537.41505462382,0.0,3537.41505462382
1,102,325.5231438488284,0.0,3862.6608136940217,3862.6608136940217,3537.137669845193,0.0,3537.137669845193
1,103,326.1813891832184,15.154770281797823,3963.351829653068,3963.351829653068,3622.0156701880514,0.0,3637.1704404698494
1,104,326.5371726564366,0.0,3963.351829653068,3963.351829653068,3636.814656996631,0.0,3636.814656996631
1,105,326.650884030724,0.0,3963.351829653068,3963.351829653068,3636.700945622344,0.0,3636.700945622344
1,106,329.2564481433869,26.319183055656033,4078.7468297067226,4078.7468297067226,3723.1711985076795,0.0,3749.4903815633356
1,107,331.1733934884655,0.0,4078.7468297067226,4078.7468297067226,3747.573436218257,0.0,3747.573436218257
1,108,337.58264624026634,0.0,4078.7468297067226,4078.7468297067226,3741.164183466456,0.0,3741.164183466456
1,109,338.57608682894937,25.1218754552664,4195.296947407087,4195.296947407087,3831.598985122871,0.0,3856.7208605781375
1,110,344.3726786270755,0.0,4195.296947407087,4195.296947407087,3850.9242687800115,0.0,3850.9242687800115
1,111,345.4354746886279,0.0,4195.296947407087,4195.296947407087,3849.861472718459,0.0,3849.861472718459
1,112,346.00427551127734,23.440867259448893,4324.071147368629,4324.071147368629,3954.6260045979025,0.0,3978.0668718573515
1,113,349.8654354590411,0.0,4324.071147368629,4324.071147368629,3974.2057119095875,0.0,3974.2057119095875
1,114,352.61329439737483,0.0,4324.071147368629,4324.071147368629,3971.457852971254,0.0,3971.457852971254
1,115,361.0317593322211,16.73187842298161,4426.423760337459,4426.423760337459,4048.6601225822556,0.0,4065.392001005237
1,116,363.1566923395789,0.0,4426.423760337459,4426.423760337459,4063.2670679978796,0.0,4063.2670679978796
1,117,370.5976313763828,0.0,4426.423760337459,4426.423760337459,4055.826128961076,0.0,4055.826128961076
1,118,372.04450463844984,20.148873674638253,4542.893794376874,4542.893794376874,4150.700416063785,0.0,4170.849289738424
1,119,373.5837098353895,0.0,4542.893794376874,4542.893794376874,4169.310084541485,0.0,4169.310084541485
1,120,379.61619151216877,0.0,4542.893794376874,4542.893794376874,4163.277602864706,0.0,4163.277602864706
1,121,380.19759000242374,24.456767348233363,4646.9441768907955,4646.9441768907955,4242.2898195401385,0.0,4266.746586888372
1,122,383.4977865068437,0.0,4646.9441768907955,4646.9441768907955,4263.446390383951,0.0,4263.446390383951
1,123,385.6288123705241,0.0,4646.9441768907955,4646.9441768907955,4261.315364520271,0.0,4261.315364520271
1,124,397.8495631460234,15.952575712597971,4742.027714906379,4742.027714906379,4328.225576047757,0.0,4344.178151760355
1,125,402.44389488822475,0.0,4742.027714906379,4742.027714906379,4339.583820018154,0.0,4339.583820018154
1,126,403.2348089835958,0.0,4742.027714906379,4742.027714906379,4338.792905922783,0.0,4338.792905922783
1,127,403.58019590405564,22.647136983149966,4849.839194670345,4849.839194670345,4423.61186178314,0.0,4446.25899876629
1,128,404.4079634387123,0.0,4849.839194670345,4849.839194670345,4445.431231231632,0.0,4445.431231231632
1,129,406.89183270577433,0.0,4849.839194670345,4849.839194670345,4442.9473619645705,0.0,4442.9473619645705
1,130,408.9234737005884,25.60404863713169,4969.1531725161085,4969.1531725161085,4534.625650178388,0.0,4560.22969881552
1,131,408.95832276203316,0.0,4969.1531725161085,4969.1531725161085,4560.194849754075,0.0,4560.194849754075
1,132,410.65379317568346,0.0,4969.1531725161085,4969.1531725161085,4558.499379340425,0.0,4558.499379340425
Number of Packets served,133
Avg. Waiting Time,2347.9050760803393
Avg. Response Time,2354.3893380481386
Throughput per Queue,0.0266
Number of Packets Droped,570

Queue 2

QueueID,PacketID,ArriveQ,nsTime,ArriveServer,DepartServer,WaitingTime,ServiceTime,ResponseTime
2,0,0.0,26.883831197871686,47.985643069415616,47.985643069415616,21.101811871543934,0.0,47.985643069415616
2,1,6.889530653711997,16.654754576928234,154.33822416603655,154.33822416603655,130.7939389353963,0.0,147.44869351232455
2,2,20.493722125472026,0.0,154.33822416603655,154.33822416603655,133.84450204056452,0.0,133.84450204056452
2,3,26.85183732055139,11.190944585834316,249.80706911451097,249.80706911451097,211.76428720812527,0.0,222.95523179395957
2,4,29.437667966063813,0.0,249.80706911451097,249.80706911451097,220.36940114844714,0.0,220.36940114844714
2,5,31.254030740427567,21.795015381785124,355.6621849492639,355.6621849492639,302.6131388270512,0.0,324.4081542088363
2,6,32.08054576104513,0.0,355.6621849492639,355.6621849492639,323.5816391882188,0.0,323.5816391882188
2,7,32.59547555846232,29.710080735357284,480.5160325978095,480.5160325978095,418.2104763039899,0.0,447.92055703934716
2,8,44.29493752846555,0.0,480.5160325978095,480.5160325978095,436.22109506934396,0.0,436.22109506934396
2,9,51.696519539805685,12.436472638669947,568.74521034985,568.74521034985,504.6122181713744,0.0,517.0486908100444
2,10,51.98013447494041,0.0,568.74521034985,568.74521034985,516.7650758749096,0.0,516.7650758749096
2,11,57.17535225794522,29.582826905959642,705.1725943720071,705.1725943720071,618.4144152081022,0.0,647.9972421140619
2,12,63.577591269479804,0.0,705.1725943720071,705.1725943720071,641.5950031025272,0.0,641.5950031025272
2,13,64.76448131073558,13.849493960644018,826.791782785181,826.791782785181,748.1778075138013,0.0,762.0273014744454
2,14,68.77589048827909,0.0,826.791782785181,826.791782785181,758.0158922969019,0.0,758.0158922969019
2,15,75.03233622145233,16.794487525956093,943.4661311278232,943.4661311278232,851.6393073804148,0.0,868.433794906371
2,16,76.22851313821266,0.0,943.4661311278232,943.4661311278232,867.2376179896106,0.0,867.2376179896106
2,17,80.01490787079754,27.922226309456043,1067.544327644547,1067.544327644547,959.6071934642935,0.0,987.5294197737495
2,18,83.11669477429585,0.0,1067.544327644547,1067.544327644547,984.427632870251,0.0,984.427632870251
2,19,87.94166045995478,11.14191075689807,1178.975057609061,1178.975057609061,1079.891486392208,0.0,1091.0333971491061
2,20,88.93436386026232,0.0,1178.975057609061,1178.975057609061,1090.0406937487987,0.0,1090.0406937487987
2,21,101.156576087963,23.22800271397119,1315.154242195986,1315.154242195986,1190.7696633940518,0.0,1213.997666108023
2,22,101.7577466727179,0.0,1315.154242195986,1315.154242195986,1213.396495523268,0.0,1213.396495523268
2,23,102.74016159749718,15.958904153279097,1440.991859652003,1440.991859652003,1322.2927939012268,0.0,1338.2516980545058
2,24,104.89277898757788,0.0,1440.991859652003,1440.991859652003,1336.0990806644252,0.0,1336.0990806644252
2,25,105.92433909794624,10.810129646053209,1556.182030324574,1556.182030324574,1439.4475615805745,0.0,1450.2576912266277
2,26,113.12535982703267,0.0,1556.182030324574,1556.182030324574,1443.0566704975413,0.0,1443.0566704975413
2,27,121.28088901589923,28.85207593080186,1665.6628818014303,1665.6628818014303,1515.5299168547292,0.0,1544.381992785531
2,28,121.4453957721801,0.0,1665.6628818014303,1665.6628818014303,1544.2174860292503,0.0,1544.2174860292503
2,29,125.98229329464667,29.812487020845158,1795.3161033624233,1795.3161033624233,1639.5213230469315,0.0,1669.3338100677765
2,30,140.74321947578278,0.0,1795.3161033624233,1795.3161033624233,1654.5728838866405,0.0,1654.5728838866405
2,31,152.0379879525752,13.41490576420841,1923.7561673709474,1923.7561673709474,1758.3032736541638,0.0,1771.7181794183723
2,32,152.04468209912176,0.0,1923.7561673709474,1923.7561673709474,1771.7114852718257,0.0,1771.7114852718257
2,33,158.83141877057238,18.04635604112497,2060.334365726516,2060.334365726516,1883.4565909148187,0.0,1901.5029469559436
2,34,159.17977499420357,0.0,2060.334365726516,2060.334365726516,1901.1545907323123,0.0,1901.1545907323123
2,35,163.93431172869882,11.5905066831249,2169.9729169772686,2169.9729169772686,1994.4480985654448,0.0,2006.0386052485696
2,36,168.21313818856342,0.0,2169.9729169772686,2169.9729169772686,2001.7597787887053,0.0,2001.7597787887053
2,37,168.90247575417501,18.878101194179937,2290.5601380121457,2290.5601380121457,2102.7795610637904,0.0,2121.6576622579705
2,38,171.3369069585384,0.0,2290.5601380121457,2290.5601380121457,2119.2232310536074,0.0,2119.2232310536074
2,39,179.57407011364876,11.821068644959269,2396.9485599856985,2396.9485599856985,2205.5534212270904,0.0,2217.3744898720497
2,40,182.12422226851112,0.0,2396.9485599856985,2396.9485599856985,2214.8243377171875,0.0,2214.8243377171875
2,41,182.82648136762265,20.573234301208245,2522.882535557159,2522.882535557159,2319.482819888328,0.0,2340.056054189536
2,42,185.0667489998842,0.0,2522.882535557159,2522.882535557159,2337.815786557275,0.0,2337.815786557275
2,43,186.51441513802922,14.203028193766672,2610.014252474958,2610.014252474958,2409.296809143162,0.0,2423.499837336929
2,44,189.74480163929724,0.0,2610.014252474958,2610.014252474958,2420.269450835661,0.0,2420.269450835661
2,45,190.51878377933127,21.800346635963226,2750.3597364222196,2750.3597364222196,2538.040606006925,0.0,2559.840952642888
2,46,191.0954854381347,0.0,2750.3597364222196,2750.3597364222196,2559.264250984085,0.0,2559.264250984085
2,47,194.41003646803878,20.222240258207208,2851.4728302005283,2851.4728302005283,2636.840553474282,0.0,2657.0627937324894
2,48,194.60587408054698,0.0,2851.4728302005283,2851.4728302005283,2656.8669561199813,0.0,2656.8669561199813
2,49,196.64079779553194,17.297595642758374,2932.2202346455592,2932.2202346455592,2718.281841207269,0.0,2735.5794368500274
2,50,197.7228946727438,0.0,2932.2202346455592,2932.2202346455592,2734.4973399728156,0.0,2734.4973399728156
2,51,200.96092352264046,25.766589804784168,3044.8341200966415,3044.8341200966415,2818.1066067692173,0.0,2843.873196574001
2,52,204.38442437377478,0.0,3044.8341200966415,3044.8341200966415,2840.4496957228666,0.0,2840.4496957228666
2,53,217.31307717679942,19.141185942932317,3157.4644036610075,3157.4644036610075,2921.010140541276,0.0,2940.1513264842083
2,54,223.27309439688827,0.0,3157.4644036610075,3157.4644036610075,2934.1913092641194,0.0,2934.1913092641194
2,55,229.7171918479721,25.717731918804304,3264.6010346981084,3264.6010346981084,3009.166110931332,0.0,3034.8838428501363
2,56,233.32225747573412,0.0,3264.6010346981084,3264.6010346981084,3031.278777222374,0.0,3031.278777222374
2,57,235.1311278752634,0.0,3264.6010346981084,3264.6010346981084,3029.469906822845,0.0,3029.469906822845
2,58,238.57209627450058,17.116034707178432,3349.1266733824104,3349.1266733824104,3093.4385424007314,0.0,3110.55457710791
2,59,244.33896575399854,0.0,3349.1266733824104,3349.1266733824104,3104.787707628412,0.0,3104.787707628412
2,60,246.95348633602748,0.0,3349.1266733824104,3349.1266733824104,3102.1731870463827,0.0,3102.1731870463827
2,61,257.93365536475,11.870549906923678,3449.7561466018383,3449.7561466018383,3179.9519413301646,0.0,3191.8224912370883
2,62,259.1036562231583,0.0,3449.7561466018383,3449.7561466018383,3190.65249037868,0.0,3190.65249037868
2,63,259.96683352953085,0.0,3449.7561466018383,3449.7561466018383,3189.7893130723073,0.0,3189.7893130723073
2,64,262.4199288350038,20.139057989062383,3577.6966068547094,3577.6966068547094,3295.1376200306436,0.0,3315.2766780197057
2,65,274.5282510528482,0.0,3577.6966068547094,3577.6966068547094,3303.1683558018613,0.0,3303.1683558018613
2,66,282.426782758201,0.0,3577.6966068547094,3577.6966068547094,3295.2698240965083,0.0,3295.2698240965083
2,67,285.2353255353914,21.74998420454055,3681.5966678845716,3681.5966678845716,3374.61135814464,0.0,3396.36134234918
2,68,298.74159686344115,0.0,3681.5966678845716,3681.5966678845716,3382.8550710211302,0.0,3382.8550710211302
2,69,300.5336851659178,0.0,3681.5966678845716,3681.5966678845716,3381.062982718654,0.0,3381.062982718654
2,70,303.6304962988972,21.91176638744031,3787.9124727231915,3787.9124727231915,3462.370210036854,0.0,3484.2819764242945
2,71,314.79898508669083,0.0,3787.9124727231915,3787.9124727231915,3473.113487636501,0.0,3473.113487636501
2,72,321.0736784608649,0.0,3787.9124727231915,3787.9124727231915,3466.8387942623267,0.0,3466.8387942623267
2,73,330.6968442280778,10.430266829604385,3873.0910805236263,3873.0910805236263,3531.963969465944,0.0,3542.3942362955486
2,74,336.3826267861911,0.0,3873.0910805236263,3873.0910805236263,3536.7084537374353,0.0,3536.7084537374353
2,75,340.5130598852323,0.0,3873.0910805236263,3873.0910805236263,3532.578020638394,0.0,3532.578020638394
2,76,344.70921585581794,24.35424969393891,3987.706079347007,3987.706079347007,3618.64261379725,0.0,3642.996863491189
2,77,349.036567279125,0.0,3987.706079347007,3987.706079347007,3638.669512067882,0.0,3638.669512067882
2,78,353.52503951422574,0.0,3987.706079347007,3987.706079347007,3634.181039832781,0.0,3634.181039832781
2,79,361.0483088336945,15.67035470352948,4094.417184410252,4094.417184410252,3717.698520873028,0.0,3733.3688755765575
2,80,364.0982051982021,0.0,4094.417184410252,4094.417184410252,3730.31897921205,0.0,3730.31897921205
2,81,366.87162551616416,0.0,4094.417184410252,4094.417184410252,3727.5455588940877,0.0,3727.5455588940877
2,82,373.98695029830657,22.89494096157597,4218.191888368663,4218.191888368663,3821.3099971087804,0.0,3844.2049380703565
2,83,374.5152048964783,0.0,4218.191888368663,4218.191888368663,3843.676683472185,0.0,3843.676683472185
2,84,379.83462194762717,0.0,4218.191888368663,4218.191888368663,3838.357266421036,0.0,3838.357266421036
2,85,388.6188316380126,19.395335620276697,4343.466482988905,4343.466482988905,3935.452315730616,0.0,3954.847651350893
2,86,391.5524722438954,0.0,4343.466482988905,4343.466482988905,3951.91401074501,0.0,3951.91401074501
2,87,397.53584231054475,0.0,4343.466482988905,4343.466482988905,3945.9306406783603,0.0,3945.9306406783603
2,88,400.5076114189848,23.999611420306387,4450.423371757765,4450.423371757765,4025.916148918474,0.0,4049.9157603387803
2,89,401.5759277770921,0.0,4450.423371757765,4450.423371757765,4048.8474439806732,0.0,4048.8474439806732
2,90,405.2774348904953,0.0,4450.423371757765,4450.423371757765,4045.14593686727,0.0,4045.14593686727
2,91,406.99091512453083,18.42831945448371,4561.322113831358,4561.322113831358,4135.902879252343,0.0,4154.331198706827
2,92,409.71180930561064,0.0,4561.322113831358,4561.322113831358,4151.610304525748,0.0,4151.610304525748
2,93,412.20467310420315,0.0,4561.322113831358,4561.322113831358,4149.117440727156,0.0,4149.117440727156
2,94,413.5163572646648,10.332519693128916,4657.276696583925,4657.276696583925,4233.42781962613,0.0,4243.760339319259
2,95,417.1544235775478,0.0,4657.276696583925,4657.276696583925,4240.122273006376,0.0,4240.122273006376
2,96,418.5135864226911,0.0,4657.276696583925,4657.276696583925,4238.763110161233,0.0,4238.763110161233
2,97,428.8579188781266,24.0286070927523,4766.056321999131,4766.056321999131,4313.169796028252,0.0,4337.198403121004
2,98,430.37068094223946,0.0,4766.056321999131,4766.056321999131,4335.685641056892,0.0,4335.685641056892
2,99,430.9794802718662,0.0,4766.056321999131,4766.056321999131,4335.076841727265,0.0,4335.076841727265
2,100,434.51896227992324,18.951156806086242,4868.790351476431,4868.790351476431,4415.320232390422,0.0,4434.271389196508
2,101,437.8618872335096,0.0,4868.790351476431,4868.790351476431,4430.928464242921,0.0,4430.928464242921
2,102,440.78606661593307,0.0,4868.790351476431,4868.790351476431,4428.004284860498,0.0,4428.004284860498
2,103,449.49312508892405,29.18167645174778,4998.3348489678565,4998.3348489678565,4519.6600474271845,0.0,4548.8417238789325
2,104,453.19026214516873,0.0,4998.3348489678565,4998.3348489678565,4545.144586822687,0.0,4545.144586822687
2,105,460.4895276228573,0.0,4998.3348489678565,4998.3348489678565,4537.845321344999,0.0,4537.845321344999
Number of Packets served,106
Avg. Waiting Time,2588.8229139781565
Avg. Response Time,2597.08282876107
Throughput per Queue,0.0212
Number of Packets Droped,165

Queue 3

QueueID,PacketID,ArriveQ,nsTime,ArriveServer,DepartServer,WaitingTime,ServiceTime,ResponseTime
3,0,0.0,21.15137619176158,69.1370192611772,69.1370192611772,47.985643069415616,0.0,69.1370192611772
3,1,0.004920847427328165,0.0,69.1370192611772,69.1370192611772,69.13209841374987,0.0,69.13209841374987
3,2,13.108668329138311,11.185264573705581,165.52348873974213,165.52348873974213,141.22955583689824,0.0,152.41482041060382
3,3,13.575526667289024,0.0,165.52348873974213,165.52348873974213,151.94796207245312,0.0,151.94796207245312
3,4,17.15924941497953,23.974690764311127,273.7817598788221,273.7817598788221,232.64781969953142,0.0,256.62251046384256
3,5,17.56713429493188,26.509359087912532,382.17154403717643,382.17154403717643,338.09505065433206,0.0,364.60440974224457
3,6,34.54524922469743,17.910400916221782,498.42643351403126,498.42643351403126,445.97078337311206,0.0,463.8811842893338
3,7,40.28904496599121,28.301824424283065,597.0470347741331,597.0470347741331,528.4561653838588,0.0,556.7579898081418
3,8,40.487348580692334,0.0,597.0470347741331,597.0470347741331,556.5596861934407,0.0,556.5596861934407
3,9,41.78746847966329,18.90150702138215,724.0741013933892,724.0741013933892,663.3851258923438,0.0,682.286632913726
3,10,42.76160761161484,0.0,724.0741013933892,724.0741013933892,681.3124937817744,0.0,681.3124937817744
3,11,49.200950869786766,20.960896170044663,847.7526789552256,847.7526789552256,777.5908319153942,0.0,798.5517280854389
3,12,49.552656542282215,0.0,847.7526789552256,847.7526789552256,798.2000224129434,0.0,798.2000224129434
3,13,55.73500995872245,14.744009189938856,958.2101403177621,958.2101403177621,887.7311211691008,0.0,902.4751303590397
3,14,56.807434031895106,0.0,958.2101403177621,958.2101403177621,901.402706285867,0.0,901.402706285867
3,15,60.82448335844625,26.726321697757903,1094.2706493423048,1094.2706493423048,1006.7198442861006,0.0,1033.4461659838585
3,16,62.771473595481226,0.0,1094.2706493423048,1094.2706493423048,1031.4991757468235,0.0,1031.4991757468235
3,17,66.27597370365854,29.2303216415648,1208.2053792506258,1208.2053792506258,1112.6990839054024,0.0,1141.9294055469672
3,18,92.68516205105857,0.0,1208.2053792506258,1208.2053792506258,1115.5202171995672,0.0,1115.5202171995672
3,19,94.52756464453921,26.798943216742053,1341.953185412728,1341.953185412728,1220.6266775514468,0.0,1247.425620768189
3,20,97.10396637779687,0.0,1341.953185412728,1341.953185412728,1244.8492190349311,0.0,1244.8492190349311
3,21,108.52092305270598,27.763300583815177,1468.7551602358183,1468.7551602358183,1332.4709365992971,0.0,1360.2342371831123
3,22,116.76390677147022,0.0,1468.7551602358183,1468.7551602358183,1351.9912534643481,0.0,1351.9912534643481
3,23,129.00067803804149,14.303454915281531,1570.4854852398555,1570.4854852398555,1427.1813522865325,0.0,1441.484807201814
3,24,137.02196459716728,0.0,1570.4854852398555,1570.4854852398555,1433.4635206426883,0.0,1433.4635206426883
3,25,142.84954232893315,23.75763584519209,1689.4205176466223,1689.4205176466223,1522.813339472497,0.0,1546.570975317689
3,26,144.7412943351834,0.0,1689.4205176466223,1689.4205176466223,1544.6792233114388,0.0,1544.6792233114388
3,27,148.8216144914347,22.36270158121991,1817.6788049436432,1817.6788049436432,1646.4944888709886,0.0,1668.8571904522084
3,28,149.32207466047458,0.0,1817.6788049436432,1817.6788049436432,1668.3567302831686,0.0,1668.3567302831686
3,29,163.94810209661745,26.524185404851963,1950.2803527757994,1950.2803527757994,1759.80806527433,0.0,1786.332250679182
3,30,178.2302092121338,0.0,1950.2803527757994,1950.2803527757994,1772.0501435636656,0.0,1772.0501435636656
3,31,183.6210238435255,23.19896470765474,2083.5333304341707,2083.5333304341707,1876.7133418829903,0.0,1899.9123065906451
3,32,190.0815877905453,0.0,2083.5333304341707,2083.5333304341707,1893.4517426436255,0.0,1893.4517426436255
3,33,209.21488575581117,12.020673297719291,2181.993590274988,2181.993590274988,1960.7580312214575,0.0,1972.7787045191767
3,34,223.66274578030908,0.0,2181.993590274988,2181.993590274988,1958.330844494679,0.0,1958.330844494679
3,35,229.75273934748824,16.530071174447173,2307.090209186593,2307.090209186593,2060.8073986646573,0.0,2077.3374698391044
3,36,235.3224439317942,0.0,2307.090209186593,2307.090209186593,2071.7677652547986,0.0,2071.7677652547986
3,37,238.52273722123172,11.402750939882576,2408.351310925581,2408.351310925581,2158.425822764467,0.0,2169.8285737043493
3,38,240.77671687491903,0.0,2408.351310925581,2408.351310925581,2167.5745940506617,0.0,2167.5745940506617
3,39,253.33528735521128,11.34050065514064,2534.2230362122996,2534.2230362122996,2269.5472482019477,0.0,2280.8877488570884
3,40,257.06339086091924,0.0,2534.2230362122996,2534.2230362122996,2277.1596453513803,0.0,2277.1596453513803
3,41,261.4147730884152,26.098475185647796,2636.1127276606057,2636.1127276606057,2348.599479386543,0.0,2374.6979545721906
3,42,265.8158163262708,0.0,2636.1127276606057,2636.1127276606057,2370.296911334335,0.0,2370.296911334335
3,43,266.4305385324011,20.13450742282169,2770.494243845041,2770.494243845041,2483.9291978898186,0.0,2504.06370531264
3,44,272.0302962513975,0.0,2770.494243845041,2770.494243845041,2498.4639475936438,0.0,2498.4639475936438
3,45,272.61111009198476,12.545851491399603,2864.0186816919277,2864.0186816919277,2578.8617201085435,0.0,2591.407571599943
3,46,272.63043902195636,0.0,2864.0186816919277,2864.0186816919277,2591.388242669971,0.0,2591.388242669971
3,47,288.82644368670657,17.731195188812574,2949.951429834372,2949.951429834372,2643.3937909588526,0.0,2661.1249861476654
3,48,304.8875369139661,0.0,2949.951429834372,2949.951429834372,2645.063892920406,0.0,2645.063892920406
3,49,307.99943055101994,21.497753383735425,3066.331873480377,3066.331873480377,2736.8346895456216,0.0,2758.332442929357
3,50,312.96101799280723,0.0,3066.331873480377,3066.331873480377,2753.3708554875698,0.0,2753.3708554875698
3,51,313.14498856475313,13.172987362941505,3170.637391023949,3170.637391023949,2844.3194150962545,0.0,2857.492402459196
3,52,321.24089007753076,0.0,3170.637391023949,3170.637391023949,2849.396500946418,0.0,2849.396500946418
3,53,325.6355615710985,21.300134137387218,3285.901168835496,3285.901168835496,2938.96547312701,0.0,2960.265607264397
3,54,330.20044707351144,0.0,3285.901168835496,3285.901168835496,2955.7007217619844,0.0,2955.7007217619844
3,55,330.74980637187707,20.812074935649555,3369.93874831806,3369.93874831806,3018.3768670105333,0.0,3039.1889419461827
3,56,333.11561093795956,0.0,3369.93874831806,3369.93874831806,3036.8231373801004,0.0,3036.8231373801004
3,57,337.64171613076337,21.156682882499375,3470.9128294843376,3470.9128294843376,3112.114430471075,0.0,3133.2711133535745
3,58,339.11303093567506,0.0,3470.9128294843376,3470.9128294843376,3131.7997985486627,0.0,3131.7997985486627
3,59,340.85952320372246,16.503558297178362,3594.2001651518876,3594.2001651518876,3236.837083650987,0.0,3253.3406419481653
3,60,347.32263498502994,0.0,3594.2001651518876,3594.2001651518876,3246.8775301668575,0.0,3246.8775301668575
3,61,347.96557586464917,18.57960844365538,3700.176276328227,3700.176276328227,3333.6310920199226,0.0,3352.2107004635777
3,62,352.05167390514964,0.0,3700.176276328227,3700.176276328227,3348.1246024230772,0.0,3348.1246024230772
3,63,352.5902077033521,15.659223450770554,3803.571696173962,3803.571696173962,3435.3222650198395,0.0,3450.98148847061
3,64,352.6318509507295,0.0,3803.571696173962,3803.571696173962,3450.9398452232326,0.0,3450.9398452232326
3,65,360.35340529399815,12.54779090921894,3885.638871432845,3885.638871432845,3512.737675229628,0.0,3525.285466138847
3,66,369.02774339355034,0.0,3885.638871432845,3885.638871432845,3516.6111280392947,0.0,3516.6111280392947
3,67,369.68709070752124,14.790903350024658,4002.4969826970314,4002.4969826970314,3618.0189886394855,0.0,3632.80989198951
3,68,370.37527220799706,0.0,4002.4969826970314,4002.4969826970314,3632.1217104890343,0.0,3632.1217104890343
3,69,371.56175816293666,26.43638948476102,4120.853573895013,4120.853573895013,3722.8554262473153,0.0,3749.2918157320764
3,70,372.48693315915295,0.0,4120.853573895013,4120.853573895013,3748.36664073586,0.0,3748.36664073586
3,71,377.84882279153976,19.858921363268365,4238.050809731932,4238.050809731932,3840.3430655771235,0.0,3860.201986940392
3,72,386.64389318900936,0.0,4238.050809731932,4238.050809731932,3851.4069165429223,0.0,3851.4069165429223
3,73,396.1364965356887,18.02020048375553,4361.486683472661,4361.486683472661,3947.3299864532164,0.0,3965.350186936972
3,74,424.648219838337,0.0,4361.486683472661,4361.486683472661,3936.838463634324,0.0,3936.838463634324
3,75,425.29434869702516,27.913082308128434,4478.336454065894,4478.336454065894,4025.12902306074,0.0,4053.0421053688688
3,76,436.676548800053,0.0,4478.336454065894,4478.336454065894,4041.659905265841,0.0,4041.659905265841
3,77,441.77443983709514,25.21963715587193,4586.54175098723,4586.54175098723,4119.547673994263,0.0,4144.767311150135
3,78,442.6803910748284,0.0,4586.54175098723,4586.54175098723,4143.861359912402,0.0,4143.861359912402
3,79,444.4823482715594,16.16255066848601,4673.4392472524105,4673.4392472524105,4212.794348312365,0.0,4228.956898980851
3,80,449.7575274246859,0.0,4673.4392472524105,4673.4392472524105,4223.681719827725,0.0,4223.681719827725
3,81,452.7096801097913,18.36089959483918,4784.41722159397,4784.41722159397,4313.3466418893395,0.0,4331.707541484178
3,82,453.207281448209,0.0,4784.41722159397,4784.41722159397,4331.209940145761,0.0,4331.209940145761
3,83,456.2204959212312,25.759098991310033,4894.549450467741,4894.549450467741,4412.5698555552,0.0,4438.3289545465095
3,84,460.77776294870404,0.0,4894.549450467741,4894.549450467741,4433.771687519037,0.0,4433.771687519037
3,85,465.23973939648005,26.606201434269412,5024.941050402126,5024.941050402126,4533.095109571376,0.0,4559.701311005646
Number of Packets served,86
Avg. Waiting Time,2369.9318084832735
Avg. Response Time,2380.5418885056843
Throughput per Queue,0.0172
Number of Packets Droped,0

Queue 4

QueueID,PacketID,ArriveQ,nsTime,ArriveServer,DepartServer,WaitingTime,ServiceTime,ResponseTime
4,0,0.0,15.406756596238607,84.54377585741581,84.54377585741581,69.1370192611772,0.0,84.54377585741581
4,1,8.045999798053266,0.0,84.54377585741581,84.54377585741581,76.49777605936254,0.0,76.49777605936254
4,2,11.486154128584545,20.868147852172715,186.39163659191485,186.39163659191485,154.03733461115758,0.0,174.9054824633303
4,3,15.296677581121932,0.0,186.39163659191485,186.39163659191485,171.0949590107929,0.0,171.0949590107929
4,4,15.878128198932496,10.259598389118985,284.04135826794106,284.04135826794106,257.9036316798896,0.0,268.1632300690086
4,5,18.70253269337769,23.257886052907985,405.4294300900844,405.4294300900844,363.46901134379874,0.0,386.7268973967067
4,6,30.81256618487609,16.11764321695967,514.5440767309909,514.5440767309909,467.61386732915514,0.0,483.7315105461148
4,7,37.58253404878481,20.936831744529965,617.983866518663,617.983866518663,559.4645007253482,0.0,580.4013324698782
4,8,38.4214140920897,23.691224947097297,747.7653263404866,747.7653263404866,685.6526873012996,0.0,709.3439122483969
4,9,50.11010638817491,19.09789881231559,866.8505777675413,866.8505777675413,797.6425725670507,0.0,816.7404713793663
4,10,53.0361870701541,14.599875070210029,972.8100153879722,972.8100153879722,905.173953247608,0.0,919.773828317818
4,11,55.58231218519066,24.070407269713947,1118.3410566120187,1118.3410566120187,1038.6883371571141,0.0,1062.7587444268281
4,12,56.67307139307391,25.657748302190658,1233.8631275528164,1233.8631275528164,1151.5323078575518,0.0,1177.1900561597424
4,13,56.77480363345883,18.63937640181596,1360.592561814544,1360.592561814544,1285.1783817792693,0.0,1303.8177581810853
4,14,57.71410752524199,11.37703803216613,1480.1321982679844,1480.1321982679844,1411.0410527105762,0.0,1422.4180907427424
4,15,60.919062127211895,17.070697957335,1587.5561831971904,1587.5561831971904,1509.5664231126436,0.0,1526.6371210699785
4,16,62.79966387163672,19.741231811885683,1709.161749458508,1709.161749458508,1626.6208537749856,0.0,1646.3620855868712
4,17,69.39049263004586,13.445272882792107,1831.1240778264353,1831.1240778264353,1748.2883123135973,0.0,1761.7335851963894
4,18,72.66413842497636,24.314885073013762,1974.5952378488132,1974.5952378488132,1877.6162143508232,0.0,1901.931099423837
4,19,76.28511971343104,25.223875647561087,2108.757206081732,2108.757206081732,2007.2482107207397,0.0,2032.4720863683008
4,20,76.95239341433373,22.780541760498007,2204.774132035486,2204.774132035486,2105.0411968606545,0.0,2127.8217386211527
4,21,79.92674727709058,23.40122315807377,2330.4914323446665,2330.4914323446665,2227.163461909502,0.0,2250.5646850675757
4,22,84.4985917341403,25.121261463072827,2433.4725723886536,2433.4725723886536,2323.8527191914404,0.0,2348.973980654513
4,23,86.93081063523402,15.49100989587057,2549.7140461081704,2549.7140461081704,2447.2922255770654,0.0,2462.783235472936
4,24,99.76330999737394,10.752038087916727,2646.8647657485226,2646.8647657485226,2536.3494176632316,0.0,2547.1014557511485
4,25,100.01845480967566,10.299784677110956,2780.794028522152,2780.794028522152,2670.4757890353653,0.0,2680.775573712476
4,26,102.74601524177504,16.865590234488046,2880.8842719264157,2880.8842719264157,2761.2726664501524,0.0,2778.1382566846405
4,27,104.24719674902558,17.31664186486467,2967.2680716992368,2967.2680716992368,2845.7042330853465,0.0,2863.0208749502112
4,28,131.1752967226103,21.751099768570377,3088.0829732489474,3088.0829732489474,2935.1565767577667,0.0,2956.907676526337
4,29,146.02314902753074,23.21569995292272,3193.853090976872,3193.853090976872,3024.614241996418,0.0,3047.829941949341
4,30,151.60087539183078,11.200748388665275,3297.1019172241613,3297.1019172241613,3134.300293443665,0.0,3145.5010418323304
4,31,163.00017719525007,27.368243109785993,3397.306991427846,3397.306991427846,3206.9385711228097,0.0,3234.3068142325956
4,32,164.1983123874363,0.0,3397.306991427846,3397.306991427846,3233.1086790404097,0.0,3233.1086790404097
4,33,176.41354300492003,29.365948410656962,3500.2787778949946,3500.2787778949946,3294.4992864794176,0.0,3323.8652348900746
4,34,191.97644031828924,0.0,3500.2787778949946,3500.2787778949946,3308.302337576705,0.0,3308.302337576705
4,35,192.8081768492821,17.76671478488155,3611.966879936769,3611.966879936769,3401.3919883026056,0.0,3419.158703087487
4,36,194.05069947727634,0.0,3611.966879936769,3611.966879936769,3417.916180459493,0.0,3417.916180459493
4,37,206.41824452958963,24.20252941167244,3724.3788057398992,3724.3788057398992,3493.758031798637,0.0,3517.9605612103096
4,38,211.79456937054582,0.0,3724.3788057398992,3724.3788057398992,3512.584236369353,0.0,3512.584236369353
4,39,211.9034972082121,11.883398916116157,3815.4550950900784,3815.4550950900784,3591.66819896575,0.0,3603.551597881866
4,40,218.19413240763694,0.0,3815.4550950900784,3815.4550950900784,3597.2609626824415,0.0,3597.2609626824415
4,41,221.17712398021686,21.219605280750624,3906.858476713596,3906.858476713596,3664.461747452628,0.0,3685.681352733379
4,42,236.40299302249383,0.0,3906.858476713596,3906.858476713596,3670.455483691102,0.0,3670.455483691102
4,43,239.48929706439145,22.476699874863964,4024.9736825718956,4024.9736825718956,3763.00768563264,0.0,3785.484385507504
4,44,241.28494853820163,0.0,4024.9736825718956,4024.9736825718956,3783.688734033694,0.0,3783.688734033694
4,45,249.7394250772442,11.885014431782448,4132.738588326795,4132.738588326795,3871.114148817769,0.0,3882.9991632495517
4,46,253.0424727281658,0.0,4132.738588326795,4132.738588326795,3879.6961155986296,0.0,3879.6961155986296
4,47,253.8980328562375,21.16626290457407,4259.217072636506,4259.217072636506,3984.152776875694,0.0,4005.319039780268
4,48,269.48507715210457,0.0,4259.217072636506,4259.217072636506,3989.731995484401,0.0,3989.731995484401
4,49,271.6024098768414,15.938596099918508,4377.42527957258,4377.42527957258,4089.8842735958196,0.0,4105.8228696957385
4,50,285.2706222738601,0.0,4377.42527957258,4377.42527957258,4092.1546572987195,0.0,4092.1546572987195
4,51,314.2110063799936,23.383456330486126,4501.71991039638,4501.71991039638,4164.1254476859,0.0,4187.508904016387
4,52,325.54965582726436,0.0,4501.71991039638,4501.71991039638,4176.170254569116,0.0,4176.170254569116
4,53,330.50243063747024,10.807348696837622,4597.349099684068,4597.349099684068,4256.039320349761,0.0,4266.846669046598
4,54,331.429771690981,0.0,4597.349099684068,4597.349099684068,4265.919327993087,0.0,4265.919327993087
4,55,348.7121992204995,24.273674890397523,4697.712922142808,4697.712922142808,4324.727048031911,0.0,4349.000722922308
4,56,371.9505914743332,0.0,4697.712922142808,4697.712922142808,4325.7623306684745,0.0,4325.7623306684745
4,57,373.372563940391,12.757394337114846,4797.174615931084,4797.174615931084,4411.044657653579,0.0,4423.802051990693
4,58,376.6154673194844,0.0,4797.174615931084,4797.174615931084,4420.5591486116,0.0,4420.5591486116
4,59,380.97514590798477,25.362037569969303,4919.91148803771,4919.91148803771,4513.5743045597565,0.0,4538.936342129726
4,60,389.66090940922385,0.0,4919.91148803771,4919.91148803771,4530.250578628486,0.0,4530.250578628486
Number of Packets served,61
Avg. Waiting Time,2678.8301432609
Avg. Response Time,2692.6306180209313
Throughput per Queue,0.0122
Number of Packets Droped,0

Server Details
Server Utilisation,0.1422932335936773
Throughput,0.1122
Total Network Switching Time,4313.474882433739

Priority
1,1,3,5,4,4,4,4,5,5,5,5,5,5,5,5,5,5,5,5,5,5,5,5,5,5,5,5,5,5,5,5,5,5,5,5,5,5,5,5,5,5,5,5,5,5,5,5,5,5,5,5,5,5,5,5,5,5,5,5,5,5,5,5,5,5,5,5,5,5,5,5,5,5,5,5,5,5,5,5,4,5,5,5,5,5,5,5,5,5,5,5,5,5,5,5,4,4,4,4,4,4,4,4,4,4,4,4,4,4,4,4,4,4,4,4,4,4,4,4,4,4,4,4,4,4,4,4,4,4,4,4,4,4,4,3,3,3,3,3,3,3,3,3,3,3,3,3,3,3,3,3,3,3,3,3,3,3,3,3,3,3,3,3,3,3,3,3,3,3,3,3,3,3,3,3,3,3,3,3,3,3,3,3,3,3,3,3,3,3,3,3,3,3,3,3,3,3,3,3,3,3,3,3,3,3,3,3,3,3,3,3,3,3,3,3,3,3,3,3,3,3,3,3,
1,1,2,3,2,3,3,3,2,2,3,3,3,3,3,3,3,3,3,3,3,3,3,3,3,3,3,3,3,3,3,3,3,3,3,3,3,3,3,3,3,3,3,3,3,3,3,3,3,3,3,3,3,3,3,3,3,3,3,3,3,3,3,3,3,3,3,3,3,3,3,3,3,3,3,3,3,3,3,3,3,3,3,3,3,3,3,3,3,3,3,3,3,3,3,3,3,3,3,3,3,3,3,3,3,3,3,3,3,3,3,3,3,3,3,3,3,3,3,3,3,3,3,3,3,3,3,3,3,3,3,3,3,3,3,3,3,3,3,3,3,3,3,3,3,3,3,3,3,3,3,3,3,3,3,3,3,3,3,3,3,3,3,3,3,3,3,3,3,3,3,3,3,3,3,3,3,3,3,3,3,3,3,3,3,3,3,3,3,3,3,3,3,3,3,3,3,3,3,3,3,3,3,3,3,3,3,3,3,3,3,3,3,3,3,3,3,3,3,3,3,3,3,3,
1,1,1,1,2,2,2,2,2,2,2,2,2,2,2,2,2,2,2,2,2,2,2,2,2,2,2,2,2,2,2,2,2,2,2,2,2,2,2,2,2,2,2,2,2,2,2,2,2,2,2,2,2,2,2,2,2,2,2,2,2,2,2,2,2,2,2,2,2,2,2,2,2,2,2,2,2,2,2,2,2,2,2,2,2,2,2,2,2,2,2,2,2,2,2,2,2,2,2,2,2,2,2,2,2,2,2,2,2,2,2,2,2,2,2,2,2,2,2,2,2,2,2,2,2,2,2,2,2,2,2,2,2,2,2,2,2,2,2,3,3,3,3,3,3,3,3,3,3,3,3,3,3,3,3,3,3,3,3,3,3,3,3,3,3,3,3,3,3,3,3,3,3,3,3,3,3,3,3,3,3,3,3,3,3,3,3,3,3,3,3,3,3,3,3,3,3,3,3,3,3,3,3,3,3,3,3,3,3,3,3,3,3,3,3,3,3,3,3,3,3,3,3,3,
1,1,1,2,2,2,2,2,2,1,1,1,1,1,1,1,1,1,1,1,1,1,1,1,1,1,2,2,2,2,2,2,2,2,2,2,2,1,2,2,1,2,2,2,2,2,2,2,2,2,2,2,2,2,2,2,2,2,2,2,2,2,2,2,2,2,2,2,2,2,2,2,2,2,2,2,2,2,2,2,2,2,2,2,2,2,2,2,2,2,2,2,2,2,2,2,2,2,2,2,2,2,2,2,2,2,2,2,2,2,2,2,2,2,2,2,2,2,2,2,2,2,2,2,2,2,2,2,2,2,2,2,2,2,2,2,2,2,2,2,2,2,2,2,2,2,2,2,2,2,2,2,2,2,2,2,2,2,2,2,2,2,2,2,2,2,2,2,2,2,2,2,2,2,2,2,2,2,2,2,2,2,2,2,2,2,2,2,2,2,2,2,2,2,2,2,2,2,2,2,2,2,2,2,2,2,2,2,2,2,2,2,2,2,2,2,2,2,2,2,2,2,2,2,
1,1,1,2,2,2,2,2,2,2,1,2,2,2,1,1,1,1,1,1,1,1,1,1,1,1,1,1,1,1,1,1,1,1,1,1,1,1,1,1,1,1,1,1,1,1,1,1,1,1,1,1,1,1,1,1,1,1,1,1,1,1,1,1,1,1,1,1,1,1,1,1,1,1,1,1,1,1,1,1,1,1,1,1,1,1,1,1,1,1,1,1,1,1,1,1,1,1,1,1,1,1,1,1,1,1,1,1,1,1,1,1,1,1,1,1,1,1,1,1,1,1,1,1,1,1,1,1,1,1,1,1,1,1,1,1,1,1,1,1,1,1,1,1,1,1,1,1,2,2,2,2,2,2,2,2,2,2,2,2,2,2,2,2,2,2,2,2,2,2,2,2,2,2,2,2,2,2,2,2,2,2,2,2,2,2,2,2,2,2,2,2,2,2,2,2,2,2,2,2,2,2,2,2,2,2,2,2,2,2,2,2,2,2,2,2,2,2,2,2,2,2,2,2,
